Language,Category,Precision,Recall,F1 Score,True Num,Predicted Num,Global Precision,Global Recall,Global F1 Score
en,POLITICS,0.047619047619047616,0.02857142857142857,0.03571428571428571,35,21,0.12755544459933588,0.2802435329221043,0.14538248444502178
en,INTERNATIONAL RELATIONS,0.061224489795918366,0.2,0.09375,30,98,0.12755544459933588,0.2802435329221043,0.14538248444502178
en,EUROPEAN UNION,0.1910569105691057,1.0,0.32081911262798635,47,246,0.12755544459933588,0.2802435329221043,0.14538248444502178
en,LAW,0.5655737704918032,1.0,0.7225130890052355,138,244,0.12755544459933588,0.2802435329221043,0.14538248444502178
en,ECONOMICS,0.3235294117647059,0.55,0.4074074074074075,20,34,0.12755544459933588,0.2802435329221043,0.14538248444502178
en,TRADE,0.20512820512820512,0.43636363636363634,0.27906976744186046,55,117,0.12755544459933588,0.2802435329221043,0.14538248444502178
en,FINANCE,0.15151515151515152,0.044642857142857144,0.06896551724137931,112,33,0.12755544459933588,0.2802435329221043,0.14538248444502178
en,SOCIAL QUESTIONS,0.1111111111111111,0.03125,0.04878048780487805,32,9,0.12755544459933588,0.2802435329221043,0.14538248444502178
en,EDUCATION AND COMMUNICATIONS,0.0,0.0,0.0,33,9,0.12755544459933588,0.2802435329221043,0.14538248444502178
en,SCIENCE,0.021739130434782608,0.16666666666666666,0.03846153846153846,6,46,0.12755544459933588,0.2802435329221043,0.14538248444502178
en,BUSINESS AND COMPETITION,0.05,0.15384615384615385,0.07547169811320756,13,40,0.12755544459933588,0.2802435329221043,0.14538248444502178
en,EMPLOYMENT AND WORKING CONDITIONS,0.15789473684210525,0.13636363636363635,0.14634146341463414,22,19,0.12755544459933588,0.2802435329221043,0.14538248444502178
en,TRANSPORT,0.22580645161290322,0.2916666666666667,0.2545454545454545,24,31,0.12755544459933588,0.2802435329221043,0.14538248444502178
en,ENVIRONMENT,0.0,0.0,0.0,3,47,0.12755544459933588,0.2802435329221043,0.14538248444502178
en,"AGRICULTURE, FORESTRY AND FISHERIES",0.02666666666666667,0.4444444444444444,0.050314465408805034,9,150,0.12755544459933588,0.2802435329221043,0.14538248444502178
en,AGRI-FOODSTUFFS,0.16071428571428573,0.2571428571428571,0.1978021978021978,70,112,0.12755544459933588,0.2802435329221043,0.14538248444502178
en,"PRODUCTION, TECHNOLOGY AND RESEARCH",0.023529411764705882,0.5,0.0449438202247191,4,85,0.12755544459933588,0.2802435329221043,0.14538248444502178
en,ENERGY,0.0,0.0,0.0,84,8,0.12755544459933588,0.2802435329221043,0.14538248444502178
en,INDUSTRY,0.26666666666666666,0.07272727272727272,0.1142857142857143,110,30,0.12755544459933588,0.2802435329221043,0.14538248444502178
en,GEOGRAPHY,0.0,0.0,0.0,21,1,0.12755544459933588,0.2802435329221043,0.14538248444502178
en,INTERNATIONAL ORGANISATIONS,0.08888888888888889,0.5714285714285714,0.15384615384615385,28,180,0.12755544459933588,0.2802435329221043,0.14538248444502178
de,POLITICS,0.043478260869565216,0.02857142857142857,0.034482758620689655,35,23,0.1784946443735,0.26154585478572434,0.13337450656351937
de,INTERNATIONAL RELATIONS,0.015873015873015872,0.034482758620689655,0.021739130434782605,29,63,0.1784946443735,0.26154585478572434,0.13337450656351937
de,EUROPEAN UNION,0.21052631578947367,1.0,0.34782608695652173,52,247,0.1784946443735,0.26154585478572434,0.13337450656351937
de,LAW,0.4959677419354839,1.0,0.6630727762803234,123,248,0.1784946443735,0.26154585478572434,0.13337450656351937
de,ECONOMICS,0.20754716981132076,0.4583333333333333,0.28571428571428575,24,53,0.1784946443735,0.26154585478572434,0.13337450656351937
de,TRADE,0.14583333333333334,0.23728813559322035,0.18064516129032257,59,96,0.1784946443735,0.26154585478572434,0.13337450656351937
de,FINANCE,0.1,0.031578947368421054,0.048,95,30,0.1784946443735,0.26154585478572434,0.13337450656351937
de,SOCIAL QUESTIONS,0.1111111111111111,0.0625,0.08,32,18,0.1784946443735,0.26154585478572434,0.13337450656351937
de,EDUCATION AND COMMUNICATIONS,0.1111111111111111,0.037037037037037035,0.05555555555555555,27,9,0.1784946443735,0.26154585478572434,0.13337450656351937
de,SCIENCE,0.0,0.0,0.0,9,24,0.1784946443735,0.26154585478572434,0.13337450656351937
de,BUSINESS AND COMPETITION,0.09615384615384616,0.21739130434782608,0.13333333333333333,23,52,0.1784946443735,0.26154585478572434,0.13337450656351937
de,EMPLOYMENT AND WORKING CONDITIONS,0.21428571428571427,0.075,0.1111111111111111,40,14,0.1784946443735,0.26154585478572434,0.13337450656351937
de,TRANSPORT,0.14285714285714285,0.08,0.10256410256410256,25,14,0.1784946443735,0.26154585478572434,0.13337450656351937
de,ENVIRONMENT,0.04,0.125,0.06060606060606061,8,25,0.1784946443735,0.26154585478572434,0.13337450656351937
de,"AGRICULTURE, FORESTRY AND FISHERIES",0.009345794392523364,0.1,0.017094017094017092,10,107,0.1784946443735,0.26154585478572434,0.13337450656351937
de,AGRI-FOODSTUFFS,0.18888888888888888,0.2,0.19428571428571428,85,90,0.1784946443735,0.26154585478572434,0.13337450656351937
de,"PRODUCTION, TECHNOLOGY AND RESEARCH",0.043478260869565216,1.0,0.08333333333333333,3,69,0.1784946443735,0.26154585478572434,0.13337450656351937
de,ENERGY,0.0,0.0,0.0,84,14,0.1784946443735,0.26154585478572434,0.13337450656351937
de,INDUSTRY,0.4666666666666667,0.06796116504854369,0.11864406779661017,103,15,0.1784946443735,0.26154585478572434,0.13337450656351937
de,GEOGRAPHY,1.0,0.041666666666666664,0.07999999999999999,24,1,0.1784946443735,0.26154585478572434,0.13337450656351937
de,INTERNATIONAL ORGANISATIONS,0.10526315789473684,0.6956521739130435,0.18285714285714286,23,152,0.1784946443735,0.26154585478572434,0.13337450656351937
fr,POLITICS,0.15384615384615385,0.046511627906976744,0.07142857142857142,43,13,0.1327802238398168,0.2583909346217735,0.1243496129304393
fr,INTERNATIONAL RELATIONS,0.08928571428571429,0.1282051282051282,0.10526315789473684,39,56,0.1327802238398168,0.2583909346217735,0.1243496129304393
fr,EUROPEAN UNION,0.1927710843373494,1.0,0.32323232323232326,48,249,0.1327802238398168,0.2583909346217735,0.1243496129304393
fr,LAW,0.5491803278688525,0.9925925925925926,0.7071240105540898,135,244,0.1327802238398168,0.2583909346217735,0.1243496129304393
fr,ECONOMICS,0.175,0.4117647058823529,0.2456140350877193,17,40,0.1327802238398168,0.2583909346217735,0.1243496129304393
fr,TRADE,0.1875,0.45,0.26470588235294124,60,144,0.1327802238398168,0.2583909346217735,0.1243496129304393
fr,FINANCE,0.07142857142857142,0.03260869565217391,0.044776119402985065,92,42,0.1327802238398168,0.2583909346217735,0.1243496129304393
fr,SOCIAL QUESTIONS,0.0,0.0,0.0,35,13,0.1327802238398168,0.2583909346217735,0.1243496129304393
fr,EDUCATION AND COMMUNICATIONS,0.0,0.0,0.0,29,19,0.1327802238398168,0.2583909346217735,0.1243496129304393
fr,SCIENCE,0.0,0.0,0.0,10,25,0.1327802238398168,0.2583909346217735,0.1243496129304393
fr,BUSINESS AND COMPETITION,0.16666666666666666,0.16666666666666666,0.16666666666666666,18,18,0.1327802238398168,0.2583909346217735,0.1243496129304393
fr,EMPLOYMENT AND WORKING CONDITIONS,0.16666666666666666,0.0625,0.09090909090909091,32,12,0.1327802238398168,0.2583909346217735,0.1243496129304393
fr,TRANSPORT,0.0625,0.03225806451612903,0.0425531914893617,31,16,0.1327802238398168,0.2583909346217735,0.1243496129304393
fr,ENVIRONMENT,0.02127659574468085,0.2,0.03846153846153846,5,47,0.1327802238398168,0.2583909346217735,0.1243496129304393
fr,"AGRICULTURE, FORESTRY AND FISHERIES",0.025,0.25,0.045454545454545456,12,120,0.1327802238398168,0.2583909346217735,0.1243496129304393
fr,AGRI-FOODSTUFFS,0.05660377358490566,0.04411764705882353,0.04958677685950414,68,53,0.1327802238398168,0.2583909346217735,0.1243496129304393
fr,"PRODUCTION, TECHNOLOGY AND RESEARCH",0.014598540145985401,1.0,0.028776978417266185,2,137,0.1327802238398168,0.2583909346217735,0.1243496129304393
fr,ENERGY,0.0,0.0,0.0,73,23,0.1327802238398168,0.2583909346217735,0.1243496129304393
fr,INDUSTRY,0.4166666666666667,0.09174311926605505,0.15037593984962408,109,24,0.1327802238398168,0.2583909346217735,0.1243496129304393
fr,GEOGRAPHY,0.3333333333333333,0.034482758620689655,0.0625,29,3,0.1327802238398168,0.2583909346217735,0.1243496129304393
fr,INTERNATIONAL ORGANISATIONS,0.10606060606060606,0.4827586206896552,0.1739130434782609,29,132,0.1327802238398168,0.2583909346217735,0.1243496129304393
it,POLITICS,0.0,0.0,0.0,38,4,0.12091182412466701,0.26901089507339193,0.124637308383688
it,INTERNATIONAL RELATIONS,0.02040816326530612,0.030303030303030304,0.024390243902439025,33,49,0.12091182412466701,0.26901089507339193,0.124637308383688
it,EUROPEAN UNION,0.176,1.0,0.29931972789115646,44,250,0.12091182412466701,0.26901089507339193,0.124637308383688
it,LAW,0.5958333333333333,0.9930555555555556,0.7447916666666666,144,240,0.12091182412466701,0.26901089507339193,0.124637308383688
it,ECONOMICS,0.3684210526315789,0.6363636363636364,0.4666666666666667,22,38,0.12091182412466701,0.26901089507339193,0.124637308383688
it,TRADE,0.14285714285714285,0.3333333333333333,0.2,51,119,0.12091182412466701,0.26901089507339193,0.124637308383688
it,FINANCE,0.14285714285714285,0.04395604395604396,0.06722689075630252,91,28,0.12091182412466701,0.26901089507339193,0.124637308383688
it,SOCIAL QUESTIONS,0.2,0.04878048780487805,0.07843137254901962,41,10,0.12091182412466701,0.26901089507339193,0.124637308383688
it,EDUCATION AND COMMUNICATIONS,0.0,0.0,0.0,34,4,0.12091182412466701,0.26901089507339193,0.124637308383688
it,SCIENCE,0.0,0.0,0.0,6,16,0.12091182412466701,0.26901089507339193,0.124637308383688
it,BUSINESS AND COMPETITION,0.0,0.0,0.0,19,19,0.12091182412466701,0.26901089507339193,0.124637308383688
it,EMPLOYMENT AND WORKING CONDITIONS,0.0,0.0,0.0,32,5,0.12091182412466701,0.26901089507339193,0.124637308383688
it,TRANSPORT,0.17391304347826086,0.14814814814814814,0.15999999999999998,27,23,0.12091182412466701,0.26901089507339193,0.124637308383688
it,ENVIRONMENT,0.05555555555555555,0.3333333333333333,0.09523809523809525,6,36,0.12091182412466701,0.26901089507339193,0.124637308383688
it,"AGRICULTURE, FORESTRY AND FISHERIES",0.007462686567164179,0.08333333333333333,0.013698630136986302,12,134,0.12091182412466701,0.26901089507339193,0.124637308383688
it,AGRI-FOODSTUFFS,0.06578947368421052,0.078125,0.07142857142857142,64,76,0.12091182412466701,0.26901089507339193,0.124637308383688
it,"PRODUCTION, TECHNOLOGY AND RESEARCH",0.036585365853658534,1.0,0.07058823529411765,3,82,0.12091182412466701,0.26901089507339193,0.124637308383688
it,ENERGY,0.0,0.0,0.0,83,15,0.12091182412466701,0.26901089507339193,0.124637308383688
it,INDUSTRY,0.4,0.034782608695652174,0.064,115,10,0.12091182412466701,0.26901089507339193,0.124637308383688
it,GEOGRAPHY,0.0,0.0,0.0,15,0,0.12091182412466701,0.26901089507339193,0.124637308383688
it,INTERNATIONAL ORGANISATIONS,0.15346534653465346,0.8857142857142857,0.2616033755274262,35,202,0.12091182412466701,0.26901089507339193,0.124637308383688
es,POLITICS,0.0,0.0,0.0,37,6,0.18976188858103638,0.27892109268145393,0.1436765315952227
es,INTERNATIONAL RELATIONS,0.05555555555555555,0.08571428571428572,0.06741573033707865,35,54,0.18976188858103638,0.27892109268145393,0.1436765315952227
es,EUROPEAN UNION,0.148,1.0,0.2578397212543554,37,250,0.18976188858103638,0.27892109268145393,0.1436765315952227
es,LAW,0.5907172995780591,0.9929078014184397,0.7407407407407407,141,237,0.18976188858103638,0.27892109268145393,0.1436765315952227
es,ECONOMICS,0.3333333333333333,0.5,0.4,16,24,0.18976188858103638,0.27892109268145393,0.1436765315952227
es,TRADE,0.18888888888888888,0.32075471698113206,0.2377622377622378,53,90,0.18976188858103638,0.27892109268145393,0.1436765315952227
es,FINANCE,0.16666666666666666,0.030927835051546393,0.052173913043478265,97,18,0.18976188858103638,0.27892109268145393,0.1436765315952227
es,SOCIAL QUESTIONS,0.2222222222222222,0.05714285714285714,0.0909090909090909,35,9,0.18976188858103638,0.27892109268145393,0.1436765315952227
es,EDUCATION AND COMMUNICATIONS,0.0,0.0,0.0,34,4,0.18976188858103638,0.27892109268145393,0.1436765315952227
es,SCIENCE,0.0,0.0,0.0,5,11,0.18976188858103638,0.27892109268145393,0.1436765315952227
es,BUSINESS AND COMPETITION,0.06451612903225806,0.16666666666666666,0.09302325581395349,12,31,0.18976188858103638,0.27892109268145393,0.1436765315952227
es,EMPLOYMENT AND WORKING CONDITIONS,0.1111111111111111,0.043478260869565216,0.0625,23,9,0.18976188858103638,0.27892109268145393,0.1436765315952227
es,TRANSPORT,0.4666666666666667,0.2413793103448276,0.3181818181818182,29,15,0.18976188858103638,0.27892109268145393,0.1436765315952227
es,ENVIRONMENT,0.0,0.0,0.0,5,35,0.18976188858103638,0.27892109268145393,0.1436765315952227
es,"AGRICULTURE, FORESTRY AND FISHERIES",0.008264462809917356,0.1,0.015267175572519085,10,121,0.18976188858103638,0.27892109268145393,0.1436765315952227
es,AGRI-FOODSTUFFS,0.16279069767441862,0.3181818181818182,0.2153846153846154,66,129,0.18976188858103638,0.27892109268145393,0.1436765315952227
es,"PRODUCTION, TECHNOLOGY AND RESEARCH",0.019801980198019802,1.0,0.038834951456310676,2,101,0.18976188858103638,0.27892109268145393,0.1436765315952227
es,ENERGY,0.0,0.0,0.0,91,13,0.18976188858103638,0.27892109268145393,0.1436765315952227
es,INDUSTRY,0.3,0.02727272727272727,0.049999999999999996,110,10,0.18976188858103638,0.27892109268145393,0.1436765315952227
es,GEOGRAPHY,1.0,0.06666666666666667,0.125,15,1,0.18976188858103638,0.27892109268145393,0.1436765315952227
es,INTERNATIONAL ORGANISATIONS,0.14646464646464646,0.90625,0.25217391304347825,32,198,0.18976188858103638,0.27892109268145393,0.1436765315952227
pl,POLITICS,0.0,0.0,0.0,32,0,0.18729038548809923,0.31293011104505186,0.1789993844018158
pl,INTERNATIONAL RELATIONS,0.03333333333333333,0.058823529411764705,0.0425531914893617,34,60,0.18729038548809923,0.31293011104505186,0.1789993844018158
pl,EUROPEAN UNION,0.20647773279352227,1.0,0.3422818791946309,51,247,0.18729038548809923,0.31293011104505186,0.1789993844018158
pl,LAW,0.5942622950819673,1.0,0.7455012853470437,145,244,0.18729038548809923,0.31293011104505186,0.1789993844018158
pl,ECONOMICS,0.5,0.56,0.5283018867924528,25,28,0.18729038548809923,0.31293011104505186,0.1789993844018158
pl,TRADE,0.1518987341772152,0.4067796610169492,0.22119815668202764,59,158,0.18729038548809923,0.31293011104505186,0.1789993844018158
pl,FINANCE,0.20454545454545456,0.08571428571428572,0.12080536912751678,105,44,0.18729038548809923,0.31293011104505186,0.1789993844018158
pl,SOCIAL QUESTIONS,0.16666666666666666,0.1,0.125,30,18,0.18729038548809923,0.31293011104505186,0.1789993844018158
pl,EDUCATION AND COMMUNICATIONS,0.18181818181818182,0.1111111111111111,0.13793103448275862,18,11,0.18729038548809923,0.31293011104505186,0.1789993844018158
pl,SCIENCE,0.08695652173913043,0.25,0.12903225806451613,8,23,0.18729038548809923,0.31293011104505186,0.1789993844018158
pl,BUSINESS AND COMPETITION,0.1,0.04,0.05714285714285714,25,10,0.18729038548809923,0.31293011104505186,0.1789993844018158
pl,EMPLOYMENT AND WORKING CONDITIONS,0.05263157894736842,0.058823529411764705,0.05555555555555555,17,19,0.18729038548809923,0.31293011104505186,0.1789993844018158
pl,TRANSPORT,0.35294117647058826,0.2857142857142857,0.31578947368421056,21,17,0.18729038548809923,0.31293011104505186,0.1789993844018158
pl,ENVIRONMENT,0.05555555555555555,0.5,0.09999999999999999,6,54,0.18729038548809923,0.31293011104505186,0.1789993844018158
pl,"AGRICULTURE, FORESTRY AND FISHERIES",0.0,0.0,0.0,9,117,0.18729038548809923,0.31293011104505186,0.1789993844018158
pl,AGRI-FOODSTUFFS,0.15315315315315314,0.22666666666666666,0.18279569892473116,75,111,0.18729038548809923,0.31293011104505186,0.1789993844018158
pl,"PRODUCTION, TECHNOLOGY AND RESEARCH",0.030303030303030304,1.0,0.05882352941176471,3,99,0.18729038548809923,0.31293011104505186,0.1789993844018158
pl,ENERGY,0.0,0.0,0.0,82,12,0.18729038548809923,0.31293011104505186,0.1789993844018158
pl,INDUSTRY,0.5,0.08108108108108109,0.13953488372093023,111,18,0.18729038548809923,0.31293011104505186,0.1789993844018158
pl,GEOGRAPHY,0.4444444444444444,0.18181818181818182,0.2580645161290322,22,9,0.18729038548809923,0.31293011104505186,0.1789993844018158
pl,INTERNATIONAL ORGANISATIONS,0.11811023622047244,0.625,0.1986754966887417,24,127,0.18729038548809923,0.31293011104505186,0.1789993844018158
ro,POLITICS,0.02631578947368421,0.02857142857142857,0.027397260273972605,35,38,0.1603633520994387,0.2724952669828446,0.13899642890728356
ro,INTERNATIONAL RELATIONS,0.0,0.0,0.0,30,58,0.1603633520994387,0.2724952669828446,0.13899642890728356
ro,EUROPEAN UNION,0.188,1.0,0.3164983164983165,47,250,0.1603633520994387,0.2724952669828446,0.13899642890728356
ro,LAW,0.5630252100840336,0.9710144927536232,0.7127659574468084,138,238,0.1603633520994387,0.2724952669828446,0.13899642890728356
ro,ECONOMICS,0.25,0.55,0.34375,20,44,0.1603633520994387,0.2724952669828446,0.13899642890728356
ro,TRADE,0.18487394957983194,0.4,0.2528735632183908,55,119,0.1603633520994387,0.2724952669828446,0.13899642890728356
ro,FINANCE,0.2631578947368421,0.13392857142857142,0.17751479289940825,112,57,0.1603633520994387,0.2724952669828446,0.13899642890728356
ro,SOCIAL QUESTIONS,0.0,0.0,0.0,32,9,0.1603633520994387,0.2724952669828446,0.13899642890728356
ro,EDUCATION AND COMMUNICATIONS,0.0,0.0,0.0,33,6,0.1603633520994387,0.2724952669828446,0.13899642890728356
ro,SCIENCE,0.0,0.0,0.0,6,42,0.1603633520994387,0.2724952669828446,0.13899642890728356
ro,BUSINESS AND COMPETITION,0.06818181818181818,0.23076923076923078,0.10526315789473682,13,44,0.1603633520994387,0.2724952669828446,0.13899642890728356
ro,EMPLOYMENT AND WORKING CONDITIONS,0.0,0.0,0.0,22,10,0.1603633520994387,0.2724952669828446,0.13899642890728356
ro,TRANSPORT,0.1724137931034483,0.20833333333333334,0.18867924528301888,24,29,0.1603633520994387,0.2724952669828446,0.13899642890728356
ro,ENVIRONMENT,0.0,0.0,0.0,3,28,0.1603633520994387,0.2724952669828446,0.13899642890728356
ro,"AGRICULTURE, FORESTRY AND FISHERIES",0.02127659574468085,0.3333333333333333,0.04,9,141,0.1603633520994387,0.2724952669828446,0.13899642890728356
ro,AGRI-FOODSTUFFS,0.18309859154929578,0.37142857142857144,0.24528301886792453,70,142,0.1603633520994387,0.2724952669828446,0.13899642890728356
ro,"PRODUCTION, TECHNOLOGY AND RESEARCH",0.05128205128205128,0.5,0.09302325581395347,4,39,0.1603633520994387,0.2724952669828446,0.13899642890728356
ro,ENERGY,0.0,0.0,0.0,84,25,0.1603633520994387,0.2724952669828446,0.13899642890728356
ro,INDUSTRY,0.2608695652173913,0.05454545454545454,0.09022556390977443,110,23,0.1603633520994387,0.2724952669828446,0.13899642890728356
ro,GEOGRAPHY,1.0,0.047619047619047616,0.0909090909090909,21,1,0.1603633520994387,0.2724952669828446,0.13899642890728356
ro,INTERNATIONAL ORGANISATIONS,0.13513513513513514,0.8928571428571429,0.2347417840375587,28,185,0.1603633520994387,0.2724952669828446,0.13899642890728356
nl,POLITICS,0.0,0.0,0.0,35,9,0.1231942960219401,0.2767758593262024,0.13285501459579127
nl,INTERNATIONAL RELATIONS,0.07142857142857142,0.17857142857142858,0.10204081632653061,28,70,0.1231942960219401,0.2767758593262024,0.13285501459579127
nl,EUROPEAN UNION,0.21052631578947367,1.0,0.34782608695652173,52,247,0.1231942960219401,0.2767758593262024,0.13285501459579127
nl,LAW,0.5146443514644351,0.9919354838709677,0.6776859504132231,124,239,0.1231942960219401,0.2767758593262024,0.13285501459579127
nl,ECONOMICS,0.1827956989247312,0.7083333333333334,0.2905982905982906,24,93,0.1231942960219401,0.2767758593262024,0.13285501459579127
nl,TRADE,0.125,0.06896551724137931,0.08888888888888889,58,32,0.1231942960219401,0.2767758593262024,0.13285501459579127
nl,FINANCE,0.16216216216216217,0.06315789473684211,0.09090909090909091,95,37,0.1231942960219401,0.2767758593262024,0.13285501459579127
nl,SOCIAL QUESTIONS,0.2,0.06896551724137931,0.10256410256410257,29,10,0.1231942960219401,0.2767758593262024,0.13285501459579127
nl,EDUCATION AND COMMUNICATIONS,0.0,0.0,0.0,24,4,0.1231942960219401,0.2767758593262024,0.13285501459579127
nl,SCIENCE,0.07142857142857142,0.2222222222222222,0.10810810810810811,9,28,0.1231942960219401,0.2767758593262024,0.13285501459579127
nl,BUSINESS AND COMPETITION,0.09090909090909091,0.08695652173913043,0.08888888888888888,23,22,0.1231942960219401,0.2767758593262024,0.13285501459579127
nl,EMPLOYMENT AND WORKING CONDITIONS,0.1,0.05,0.06666666666666667,40,20,0.1231942960219401,0.2767758593262024,0.13285501459579127
nl,TRANSPORT,0.23809523809523808,0.2,0.21739130434782608,25,21,0.1231942960219401,0.2767758593262024,0.13285501459579127
nl,ENVIRONMENT,0.0,0.0,0.0,6,35,0.1231942960219401,0.2767758593262024,0.13285501459579127
nl,"AGRICULTURE, FORESTRY AND FISHERIES",0.0,0.0,0.0,9,104,0.1231942960219401,0.2767758593262024,0.13285501459579127
nl,AGRI-FOODSTUFFS,0.15841584158415842,0.18823529411764706,0.17204301075268816,85,101,0.1231942960219401,0.2767758593262024,0.13285501459579127
nl,"PRODUCTION, TECHNOLOGY AND RESEARCH",0.046875,1.0,0.08955223880597014,3,64,0.1231942960219401,0.2767758593262024,0.13285501459579127
nl,ENERGY,0.0,0.0,0.0,84,13,0.1231942960219401,0.2767758593262024,0.13285501459579127
nl,INDUSTRY,0.3157894736842105,0.11538461538461539,0.16901408450704222,104,38,0.1231942960219401,0.2767758593262024,0.13285501459579127
nl,GEOGRAPHY,0.0,0.0,0.0,24,2,0.1231942960219401,0.2767758593262024,0.13285501459579127
nl,INTERNATIONAL ORGANISATIONS,0.09900990099009901,0.8695652173913043,0.17777777777777778,23,202,0.1231942960219401,0.2767758593262024,0.13285501459579127
el,POLITICS,0.0,0.0,0.0,43,28,0.15821647960257146,0.24469076807126827,0.1384449378684914
el,INTERNATIONAL RELATIONS,0.12658227848101267,0.25,0.16806722689075632,40,79,0.15821647960257146,0.24469076807126827,0.1384449378684914
el,EUROPEAN UNION,0.1902834008097166,0.9791666666666666,0.31864406779661014,48,247,0.15821647960257146,0.24469076807126827,0.1384449378684914
el,LAW,0.5739910313901345,0.9411764705882353,0.7130919220055709,136,223,0.15821647960257146,0.24469076807126827,0.1384449378684914
el,ECONOMICS,0.2028985507246377,0.7777777777777778,0.3218390804597701,18,69,0.15821647960257146,0.24469076807126827,0.1384449378684914
el,TRADE,0.15789473684210525,0.25,0.1935483870967742,60,95,0.15821647960257146,0.24469076807126827,0.1384449378684914
el,FINANCE,0.2,0.05434782608695652,0.08547008547008546,92,25,0.15821647960257146,0.24469076807126827,0.1384449378684914
el,SOCIAL QUESTIONS,0.2,0.05555555555555555,0.08695652173913045,36,10,0.15821647960257146,0.24469076807126827,0.1384449378684914
el,EDUCATION AND COMMUNICATIONS,0.09090909090909091,0.034482758620689655,0.05,29,11,0.15821647960257146,0.24469076807126827,0.1384449378684914
el,SCIENCE,0.06666666666666667,0.1,0.08,10,15,0.15821647960257146,0.24469076807126827,0.1384449378684914
el,BUSINESS AND COMPETITION,0.15384615384615385,0.2222222222222222,0.18181818181818185,18,26,0.15821647960257146,0.24469076807126827,0.1384449378684914
el,EMPLOYMENT AND WORKING CONDITIONS,0.1,0.03125,0.047619047619047616,32,10,0.15821647960257146,0.24469076807126827,0.1384449378684914
el,TRANSPORT,0.17647058823529413,0.0967741935483871,0.125,31,17,0.15821647960257146,0.24469076807126827,0.1384449378684914
el,ENVIRONMENT,0.0,0.0,0.0,5,37,0.15821647960257146,0.24469076807126827,0.1384449378684914
el,"AGRICULTURE, FORESTRY AND FISHERIES",0.012345679012345678,0.08333333333333333,0.02150537634408602,12,81,0.15821647960257146,0.24469076807126827,0.1384449378684914
el,AGRI-FOODSTUFFS,0.10416666666666667,0.14705882352941177,0.12195121951219513,68,96,0.15821647960257146,0.24469076807126827,0.1384449378684914
el,"PRODUCTION, TECHNOLOGY AND RESEARCH",0.013157894736842105,0.5,0.025641025641025637,2,76,0.15821647960257146,0.24469076807126827,0.1384449378684914
el,ENERGY,0.0,0.0,0.0,73,16,0.15821647960257146,0.24469076807126827,0.1384449378684914
el,INDUSTRY,0.3333333333333333,0.06363636363636363,0.10687022900763357,110,21,0.15821647960257146,0.24469076807126827,0.1384449378684914
el,GEOGRAPHY,0.5,0.034482758620689655,0.06451612903225806,29,2,0.15821647960257146,0.24469076807126827,0.1384449378684914
el,INTERNATIONAL ORGANISATIONS,0.12,0.5172413793103449,0.1948051948051948,29,125,0.15821647960257146,0.24469076807126827,0.1384449378684914
hu,POLITICS,0.0,0.0,0.0,38,13,0.1532505683972984,0.23478572741912224,0.12753406966066716
hu,INTERNATIONAL RELATIONS,0.07476635514018691,0.24242424242424243,0.11428571428571427,33,107,0.1532505683972984,0.23478572741912224,0.12753406966066716
hu,EUROPEAN UNION,0.16580310880829016,0.7272727272727273,0.270042194092827,44,193,0.1532505683972984,0.23478572741912224,0.12753406966066716
hu,LAW,0.5833333333333334,0.9790209790209791,0.731070496083551,143,240,0.1532505683972984,0.23478572741912224,0.12753406966066716
hu,ECONOMICS,0.1875,0.13636363636363635,0.15789473684210525,22,16,0.1532505683972984,0.23478572741912224,0.12753406966066716
hu,TRADE,0.09473684210526316,0.17647058823529413,0.12328767123287672,51,95,0.1532505683972984,0.23478572741912224,0.12753406966066716
hu,FINANCE,0.034482758620689655,0.01098901098901099,0.016666666666666666,91,29,0.1532505683972984,0.23478572741912224,0.12753406966066716
hu,SOCIAL QUESTIONS,0.16666666666666666,0.07317073170731707,0.1016949152542373,41,18,0.1532505683972984,0.23478572741912224,0.12753406966066716
hu,EDUCATION AND COMMUNICATIONS,0.0,0.0,0.0,34,8,0.1532505683972984,0.23478572741912224,0.12753406966066716
hu,SCIENCE,0.0,0.0,0.0,6,9,0.1532505683972984,0.23478572741912224,0.12753406966066716
hu,BUSINESS AND COMPETITION,0.061224489795918366,0.15789473684210525,0.08823529411764705,19,49,0.1532505683972984,0.23478572741912224,0.12753406966066716
hu,EMPLOYMENT AND WORKING CONDITIONS,0.0,0.0,0.0,32,8,0.1532505683972984,0.23478572741912224,0.12753406966066716
hu,TRANSPORT,0.13333333333333333,0.07407407407407407,0.09523809523809523,27,15,0.1532505683972984,0.23478572741912224,0.12753406966066716
hu,ENVIRONMENT,0.05263157894736842,0.3333333333333333,0.09090909090909091,6,38,0.1532505683972984,0.23478572741912224,0.12753406966066716
hu,"AGRICULTURE, FORESTRY AND FISHERIES",0.0,0.0,0.0,12,110,0.1532505683972984,0.23478572741912224,0.12753406966066716
hu,AGRI-FOODSTUFFS,0.09411764705882353,0.125,0.10738255033557047,64,85,0.1532505683972984,0.23478572741912224,0.12753406966066716
hu,"PRODUCTION, TECHNOLOGY AND RESEARCH",0.047619047619047616,1.0,0.0909090909090909,3,63,0.1532505683972984,0.23478572741912224,0.12753406966066716
hu,ENERGY,0.0,0.0,0.0,82,12,0.1532505683972984,0.23478572741912224,0.12753406966066716
hu,INDUSTRY,0.3979591836734694,0.34210526315789475,0.3679245283018867,114,98,0.1532505683972984,0.23478572741912224,0.12753406966066716
hu,GEOGRAPHY,1.0,0.06666666666666667,0.125,15,1,0.1532505683972984,0.23478572741912224,0.12753406966066716
hu,INTERNATIONAL ORGANISATIONS,0.12408759124087591,0.4857142857142857,0.19767441860465115,35,137,0.1532505683972984,0.23478572741912224,0.12753406966066716
pt,POLITICS,0.3333333333333333,0.027777777777777776,0.05128205128205128,36,3,0.1529364634517224,0.29300665387802083,0.1335450214884759
pt,INTERNATIONAL RELATIONS,0.05084745762711865,0.08571428571428572,0.06382978723404256,35,59,0.1529364634517224,0.29300665387802083,0.1335450214884759
pt,EUROPEAN UNION,0.14919354838709678,1.0,0.2596491228070176,37,248,0.1529364634517224,0.29300665387802083,0.1335450214884759
pt,LAW,0.569672131147541,0.9928571428571429,0.7239583333333334,140,244,0.1529364634517224,0.29300665387802083,0.1335450214884759
pt,ECONOMICS,0.1896551724137931,0.6875,0.2972972972972973,16,58,0.1529364634517224,0.29300665387802083,0.1335450214884759
pt,TRADE,0.15853658536585366,0.25,0.19402985074626863,52,82,0.1529364634517224,0.29300665387802083,0.1335450214884759
pt,FINANCE,0.10526315789473684,0.020833333333333332,0.034782608695652174,96,19,0.1529364634517224,0.29300665387802083,0.1335450214884759
pt,SOCIAL QUESTIONS,0.1,0.02857142857142857,0.04444444444444444,35,10,0.1529364634517224,0.29300665387802083,0.1335450214884759
pt,EDUCATION AND COMMUNICATIONS,0.3333333333333333,0.029411764705882353,0.05405405405405406,34,3,0.1529364634517224,0.29300665387802083,0.1335450214884759
pt,SCIENCE,0.0,0.0,0.0,5,3,0.1529364634517224,0.29300665387802083,0.1335450214884759
pt,BUSINESS AND COMPETITION,0.08333333333333333,0.36363636363636365,0.13559322033898305,11,48,0.1529364634517224,0.29300665387802083,0.1335450214884759
pt,EMPLOYMENT AND WORKING CONDITIONS,0.0,0.0,0.0,23,3,0.1529364634517224,0.29300665387802083,0.1335450214884759
pt,TRANSPORT,0.5263157894736842,0.35714285714285715,0.425531914893617,28,19,0.1529364634517224,0.29300665387802083,0.1335450214884759
pt,ENVIRONMENT,0.0,0.0,0.0,5,31,0.1529364634517224,0.29300665387802083,0.1335450214884759
pt,"AGRICULTURE, FORESTRY AND FISHERIES",0.016,0.2,0.029629629629629627,10,125,0.1529364634517224,0.29300665387802083,0.1335450214884759
pt,AGRI-FOODSTUFFS,0.12987012987012986,0.15384615384615385,0.14084507042253522,65,77,0.1529364634517224,0.29300665387802083,0.1335450214884759
pt,"PRODUCTION, TECHNOLOGY AND RESEARCH",0.023529411764705882,1.0,0.04597701149425288,2,85,0.1529364634517224,0.29300665387802083,0.1335450214884759
pt,ENERGY,0.0,0.0,0.0,91,11,0.1529364634517224,0.29300665387802083,0.1335450214884759
pt,INDUSTRY,0.2857142857142857,0.01834862385321101,0.034482758620689655,109,7,0.1529364634517224,0.29300665387802083,0.1335450214884759
pt,GEOGRAPHY,0.0,0.0,0.0,15,0,0.1529364634517224,0.29300665387802083,0.1335450214884759
pt,INTERNATIONAL ORGANISATIONS,0.15706806282722513,0.9375,0.26905829596412556,32,191,0.1529364634517224,0.29300665387802083,0.1335450214884759
cs,POLITICS,0.0,0.0,0.0,32,26,0.1860913279739506,0.3345859193509005,0.17608132408916766
cs,INTERNATIONAL RELATIONS,0.11428571428571428,0.23529411764705882,0.15384615384615385,34,70,0.1860913279739506,0.3345859193509005,0.17608132408916766
cs,EUROPEAN UNION,0.2056451612903226,1.0,0.34113712374581945,51,248,0.1860913279739506,0.3345859193509005,0.17608132408916766
cs,LAW,0.6,1.0,0.7499999999999999,147,245,0.1860913279739506,0.3345859193509005,0.17608132408916766
cs,ECONOMICS,0.30985915492957744,0.88,0.45833333333333337,25,71,0.1860913279739506,0.3345859193509005,0.17608132408916766
cs,TRADE,0.16923076923076924,0.3793103448275862,0.23404255319148937,58,130,0.1860913279739506,0.3345859193509005,0.17608132408916766
cs,FINANCE,0.15151515151515152,0.04716981132075472,0.07194244604316546,106,33,0.1860913279739506,0.3345859193509005,0.17608132408916766
cs,SOCIAL QUESTIONS,0.05263157894736842,0.03333333333333333,0.04081632653061225,30,19,0.1860913279739506,0.3345859193509005,0.17608132408916766
cs,EDUCATION AND COMMUNICATIONS,0.10526315789473684,0.1111111111111111,0.10810810810810811,18,19,0.1860913279739506,0.3345859193509005,0.17608132408916766
cs,SCIENCE,0.027777777777777776,0.125,0.04545454545454545,8,36,0.1860913279739506,0.3345859193509005,0.17608132408916766
cs,BUSINESS AND COMPETITION,0.08333333333333333,0.04,0.05405405405405406,25,12,0.1860913279739506,0.3345859193509005,0.17608132408916766
cs,EMPLOYMENT AND WORKING CONDITIONS,0.0,0.0,0.0,17,13,0.1860913279739506,0.3345859193509005,0.17608132408916766
cs,TRANSPORT,0.2727272727272727,0.2857142857142857,0.2790697674418604,21,22,0.1860913279739506,0.3345859193509005,0.17608132408916766
cs,ENVIRONMENT,0.1111111111111111,0.5,0.1818181818181818,6,27,0.1860913279739506,0.3345859193509005,0.17608132408916766
cs,"AGRICULTURE, FORESTRY AND FISHERIES",0.0,0.0,0.0,9,65,0.1860913279739506,0.3345859193509005,0.17608132408916766
cs,AGRI-FOODSTUFFS,0.23636363636363636,0.35135135135135137,0.28260869565217395,74,110,0.1860913279739506,0.3345859193509005,0.17608132408916766
cs,"PRODUCTION, TECHNOLOGY AND RESEARCH",0.03333333333333333,1.0,0.06451612903225806,3,90,0.1860913279739506,0.3345859193509005,0.17608132408916766
cs,ENERGY,0.045454545454545456,0.011904761904761904,0.018867924528301886,84,22,0.1860913279739506,0.3345859193509005,0.17608132408916766
cs,INDUSTRY,0.5217391304347826,0.10714285714285714,0.17777777777777778,112,23,0.1860913279739506,0.3345859193509005,0.17608132408916766
cs,GEOGRAPHY,0.75,0.13636363636363635,0.23076923076923075,22,4,0.1860913279739506,0.3345859193509005,0.17608132408916766
cs,INTERNATIONAL ORGANISATIONS,0.11764705882352941,0.782608695652174,0.20454545454545453,23,153,0.1860913279739506,0.3345859193509005,0.17608132408916766
sv,POLITICS,0.09090909090909091,0.02857142857142857,0.043478260869565216,35,11,0.12955945636583208,0.23308751559048901,0.1339373768568079
sv,INTERNATIONAL RELATIONS,0.030303030303030304,0.06666666666666667,0.041666666666666664,30,66,0.12955945636583208,0.23308751559048901,0.1339373768568079
sv,EUROPEAN UNION,0.19457013574660634,0.9148936170212766,0.3208955223880597,47,221,0.12955945636583208,0.23308751559048901,0.1339373768568079
sv,LAW,0.5614754098360656,0.9927536231884058,0.7172774869109948,138,244,0.12955945636583208,0.23308751559048901,0.1339373768568079
sv,ECONOMICS,0.30952380952380953,0.65,0.41935483870967744,20,42,0.12955945636583208,0.23308751559048901,0.1339373768568079
sv,TRADE,0.17073170731707318,0.38181818181818183,0.2359550561797753,55,123,0.12955945636583208,0.23308751559048901,0.1339373768568079
sv,FINANCE,0.17142857142857143,0.05357142857142857,0.08163265306122448,112,35,0.12955945636583208,0.23308751559048901,0.1339373768568079
sv,SOCIAL QUESTIONS,0.0,0.0,0.0,32,8,0.12955945636583208,0.23308751559048901,0.1339373768568079
sv,EDUCATION AND COMMUNICATIONS,0.0,0.0,0.0,33,4,0.12955945636583208,0.23308751559048901,0.1339373768568079
sv,SCIENCE,0.027777777777777776,0.16666666666666666,0.04761904761904762,6,36,0.12955945636583208,0.23308751559048901,0.1339373768568079
sv,BUSINESS AND COMPETITION,0.17647058823529413,0.23076923076923078,0.20000000000000004,13,17,0.12955945636583208,0.23308751559048901,0.1339373768568079
sv,EMPLOYMENT AND WORKING CONDITIONS,0.2,0.045454545454545456,0.07407407407407407,22,5,0.12955945636583208,0.23308751559048901,0.1339373768568079
sv,TRANSPORT,0.21739130434782608,0.20833333333333334,0.2127659574468085,24,23,0.12955945636583208,0.23308751559048901,0.1339373768568079
sv,ENVIRONMENT,0.0,0.0,0.0,3,46,0.12955945636583208,0.23308751559048901,0.1339373768568079
sv,"AGRICULTURE, FORESTRY AND FISHERIES",0.015625,0.2222222222222222,0.029197080291970802,9,128,0.12955945636583208,0.23308751559048901,0.1339373768568079
sv,AGRI-FOODSTUFFS,0.07017543859649122,0.05714285714285714,0.06299212598425197,70,57,0.12955945636583208,0.23308751559048901,0.1339373768568079
sv,"PRODUCTION, TECHNOLOGY AND RESEARCH",0.029411764705882353,0.5,0.05555555555555555,4,68,0.12955945636583208,0.23308751559048901,0.1339373768568079
sv,ENERGY,0.0,0.0,0.0,84,12,0.12955945636583208,0.23308751559048901,0.1339373768568079
sv,INDUSTRY,0.3333333333333333,0.05454545454545454,0.09375,110,18,0.12955945636583208,0.23308751559048901,0.1339373768568079
sv,GEOGRAPHY,0.0,0.0,0.0,21,0,0.12955945636583208,0.23308751559048901,0.1339373768568079
sv,INTERNATIONAL ORGANISATIONS,0.12162162162162163,0.32142857142857145,0.17647058823529413,28,74,0.12955945636583208,0.23308751559048901,0.1339373768568079
bg,POLITICS,0.06521739130434782,0.08571428571428572,0.07407407407407408,35,46,0.18251587172898592,0.2744288013639893,0.14263675365830625
bg,INTERNATIONAL RELATIONS,0.056338028169014086,0.13793103448275862,0.07999999999999999,29,71,0.18251587172898592,0.2744288013639893,0.14263675365830625
bg,EUROPEAN UNION,0.20967741935483872,1.0,0.3466666666666667,52,248,0.18251587172898592,0.2744288013639893,0.14263675365830625
bg,LAW,0.5104602510460251,0.991869918699187,0.6740331491712707,123,239,0.18251587172898592,0.2744288013639893,0.14263675365830625
bg,ECONOMICS,0.19402985074626866,0.5416666666666666,0.2857142857142857,24,67,0.18251587172898592,0.2744288013639893,0.14263675365830625
bg,TRADE,0.17142857142857143,0.3050847457627119,0.21951219512195122,59,105,0.18251587172898592,0.2744288013639893,0.14263675365830625
bg,FINANCE,0.20588235294117646,0.07368421052631578,0.10852713178294572,95,34,0.18251587172898592,0.2744288013639893,0.14263675365830625
bg,SOCIAL QUESTIONS,0.23076923076923078,0.09375,0.13333333333333333,32,13,0.18251587172898592,0.2744288013639893,0.14263675365830625
bg,EDUCATION AND COMMUNICATIONS,0.1,0.037037037037037035,0.05405405405405406,27,10,0.18251587172898592,0.2744288013639893,0.14263675365830625
bg,SCIENCE,0.0,0.0,0.0,9,14,0.18251587172898592,0.2744288013639893,0.14263675365830625
bg,BUSINESS AND COMPETITION,0.08333333333333333,0.08695652173913043,0.0851063829787234,23,24,0.18251587172898592,0.2744288013639893,0.14263675365830625
bg,EMPLOYMENT AND WORKING CONDITIONS,0.25,0.075,0.11538461538461538,40,12,0.18251587172898592,0.2744288013639893,0.14263675365830625
bg,TRANSPORT,0.17647058823529413,0.12,0.14285714285714282,25,17,0.18251587172898592,0.2744288013639893,0.14263675365830625
bg,ENVIRONMENT,0.0,0.0,0.0,8,26,0.18251587172898592,0.2744288013639893,0.14263675365830625
bg,"AGRICULTURE, FORESTRY AND FISHERIES",0.008547008547008548,0.1,0.015748031496062995,10,117,0.18251587172898592,0.2744288013639893,0.14263675365830625
bg,AGRI-FOODSTUFFS,0.046511627906976744,0.023255813953488372,0.031007751937984492,86,43,0.18251587172898592,0.2744288013639893,0.14263675365830625
bg,"PRODUCTION, TECHNOLOGY AND RESEARCH",0.04918032786885246,1.0,0.09375,3,61,0.18251587172898592,0.2744288013639893,0.14263675365830625
bg,ENERGY,0.0,0.0,0.0,83,12,0.18251587172898592,0.2744288013639893,0.14263675365830625
bg,INDUSTRY,0.3770491803278688,0.22330097087378642,0.28048780487804875,103,61,0.18251587172898592,0.2744288013639893,0.14263675365830625
bg,GEOGRAPHY,1.0,0.041666666666666664,0.07999999999999999,24,1,0.18251587172898592,0.2744288013639893,0.14263675365830625
bg,INTERNATIONAL ORGANISATIONS,0.0979381443298969,0.8260869565217391,0.1751152073732719,23,194,0.18251587172898592,0.2744288013639893,0.14263675365830625
da,POLITICS,0.07692307692307693,0.046511627906976744,0.057971014492753624,43,26,0.12336179698522515,0.30176516990064134,0.13962403618447905
da,INTERNATIONAL RELATIONS,0.12222222222222222,0.275,0.1692307692307692,40,90,0.12336179698522515,0.30176516990064134,0.13962403618447905
da,EUROPEAN UNION,0.19262295081967212,1.0,0.32302405498281783,47,244,0.12336179698522515,0.30176516990064134,0.13962403618447905
da,LAW,0.5465587044534413,1.0,0.7068062827225131,135,247,0.12336179698522515,0.30176516990064134,0.13962403618447905
da,ECONOMICS,0.1724137931034483,0.5555555555555556,0.26315789473684215,18,58,0.12336179698522515,0.30176516990064134,0.13962403618447905
da,TRADE,0.14457831325301204,0.2,0.16783216783216784,60,83,0.12336179698522515,0.30176516990064134,0.13962403618447905
da,FINANCE,0.09803921568627451,0.054945054945054944,0.0704225352112676,91,51,0.12336179698522515,0.30176516990064134,0.13962403618447905
da,SOCIAL QUESTIONS,0.1,0.027777777777777776,0.04347826086956522,36,10,0.12336179698522515,0.30176516990064134,0.13962403618447905
da,EDUCATION AND COMMUNICATIONS,0.0,0.0,0.0,29,19,0.12336179698522515,0.30176516990064134,0.13962403618447905
da,SCIENCE,0.0196078431372549,0.1,0.032786885245901634,10,51,0.12336179698522515,0.30176516990064134,0.13962403618447905
da,BUSINESS AND COMPETITION,0.17647058823529413,0.5,0.2608695652173913,18,51,0.12336179698522515,0.30176516990064134,0.13962403618447905
da,EMPLOYMENT AND WORKING CONDITIONS,0.13333333333333333,0.0625,0.0851063829787234,32,15,0.12336179698522515,0.30176516990064134,0.13962403618447905
da,TRANSPORT,0.16666666666666666,0.16129032258064516,0.16393442622950818,31,30,0.12336179698522515,0.30176516990064134,0.13962403618447905
da,ENVIRONMENT,0.030303030303030304,0.2,0.052631578947368425,5,33,0.12336179698522515,0.30176516990064134,0.13962403618447905
da,"AGRICULTURE, FORESTRY AND FISHERIES",0.034482758620689655,0.3333333333333333,0.0625,12,116,0.12336179698522515,0.30176516990064134,0.13962403618447905
da,AGRI-FOODSTUFFS,0.0975609756097561,0.11764705882352941,0.10666666666666667,68,82,0.12336179698522515,0.30176516990064134,0.13962403618447905
da,"PRODUCTION, TECHNOLOGY AND RESEARCH",0.0273972602739726,1.0,0.05333333333333332,2,73,0.12336179698522515,0.30176516990064134,0.13962403618447905
da,ENERGY,0.0,0.0,0.0,72,19,0.12336179698522515,0.30176516990064134,0.13962403618447905
da,INDUSTRY,0.34615384615384615,0.08181818181818182,0.1323529411764706,110,26,0.12336179698522515,0.30176516990064134,0.13962403618447905
da,GEOGRAPHY,0.0,0.0,0.0,29,4,0.12336179698522515,0.30176516990064134,0.13962403618447905
da,INTERNATIONAL ORGANISATIONS,0.10526315789473684,0.6206896551724138,0.18,29,171,0.12336179698522515,0.30176516990064134,0.13962403618447905
fi,POLITICS,0.09565217391304348,0.2894736842105263,0.14379084967320263,38,115,0.16301530497737507,0.40947537634730924,0.19461664312525356
fi,INTERNATIONAL RELATIONS,0.08955223880597014,0.36363636363636365,0.1437125748502994,33,134,0.16301530497737507,0.40947537634730924,0.19461664312525356
fi,EUROPEAN UNION,0.1680327868852459,0.9761904761904762,0.2867132867132867,42,244,0.16301530497737507,0.40947537634730924,0.19461664312525356
fi,LAW,0.594017094017094,0.972027972027972,0.7374005305039788,143,234,0.16301530497737507,0.40947537634730924,0.19461664312525356
fi,ECONOMICS,0.2,0.5909090909090909,0.29885057471264365,22,65,0.16301530497737507,0.40947537634730924,0.19461664312525356
fi,TRADE,0.1310344827586207,0.38,0.19487179487179487,50,145,0.16301530497737507,0.40947537634730924,0.19461664312525356
fi,FINANCE,0.21818181818181817,0.1348314606741573,0.16666666666666669,89,55,0.16301530497737507,0.40947537634730924,0.19461664312525356
fi,SOCIAL QUESTIONS,0.25555555555555554,0.5609756097560976,0.3511450381679389,41,90,0.16301530497737507,0.40947537634730924,0.19461664312525356
fi,EDUCATION AND COMMUNICATIONS,0.16326530612244897,0.23529411764705882,0.19277108433734938,34,49,0.16301530497737507,0.40947537634730924,0.19461664312525356
fi,SCIENCE,0.030303030303030304,0.3333333333333333,0.05555555555555555,6,66,0.16301530497737507,0.40947537634730924,0.19461664312525356
fi,BUSINESS AND COMPETITION,0.08139534883720931,0.3684210526315789,0.13333333333333336,19,86,0.16301530497737507,0.40947537634730924,0.19461664312525356
fi,EMPLOYMENT AND WORKING CONDITIONS,0.21951219512195122,0.2903225806451613,0.25,31,41,0.16301530497737507,0.40947537634730924,0.19461664312525356
fi,TRANSPORT,0.10416666666666667,0.2,0.136986301369863,25,48,0.16301530497737507,0.40947537634730924,0.19461664312525356
fi,ENVIRONMENT,0.04395604395604396,0.6666666666666666,0.08247422680412372,6,91,0.16301530497737507,0.40947537634730924,0.19461664312525356
fi,"AGRICULTURE, FORESTRY AND FISHERIES",0.0196078431372549,0.16666666666666666,0.03508771929824561,12,102,0.16301530497737507,0.40947537634730924,0.19461664312525356
fi,AGRI-FOODSTUFFS,0.1553398058252427,0.25806451612903225,0.1939393939393939,62,103,0.16301530497737507,0.40947537634730924,0.19461664312525356
fi,"PRODUCTION, TECHNOLOGY AND RESEARCH",0.024390243902439025,1.0,0.047619047619047616,3,123,0.16301530497737507,0.40947537634730924,0.19461664312525356
fi,ENERGY,0.11764705882352941,0.07407407407407407,0.0909090909090909,81,51,0.16301530497737507,0.40947537634730924,0.19461664312525356
fi,INDUSTRY,0.5135135135135135,0.16666666666666666,0.25165562913907286,114,37,0.16301530497737507,0.40947537634730924,0.19461664312525356
fi,GEOGRAPHY,0.08108108108108109,0.2,0.11538461538461539,15,37,0.16301530497737507,0.40947537634730924,0.19461664312525356
fi,INTERNATIONAL ORGANISATIONS,0.11711711711711711,0.37142857142857144,0.1780821917808219,35,111,0.16301530497737507,0.40947537634730924,0.19461664312525356
sk,POLITICS,0.05405405405405406,0.05405405405405406,0.05405405405405406,37,37,0.20908575401829294,0.30177054565264644,0.17088602051766244
sk,INTERNATIONAL RELATIONS,0.10891089108910891,0.3142857142857143,0.16176470588235292,35,101,0.20908575401829294,0.30177054565264644,0.17088602051766244
sk,EUROPEAN UNION,0.14049586776859505,0.918918918918919,0.24372759856630824,37,242,0.20908575401829294,0.30177054565264644,0.17088602051766244
sk,LAW,0.592436974789916,1.0,0.7440633245382585,141,238,0.20908575401829294,0.30177054565264644,0.17088602051766244
sk,ECONOMICS,0.2857142857142857,0.625,0.392156862745098,16,35,0.20908575401829294,0.30177054565264644,0.17088602051766244
sk,TRADE,0.16666666666666666,0.3584905660377358,0.2275449101796407,53,114,0.20908575401829294,0.30177054565264644,0.17088602051766244
sk,FINANCE,0.15384615384615385,0.041237113402061855,0.06504065040650406,97,26,0.20908575401829294,0.30177054565264644,0.17088602051766244
sk,SOCIAL QUESTIONS,0.1,0.02857142857142857,0.04444444444444444,35,10,0.20908575401829294,0.30177054565264644,0.17088602051766244
sk,EDUCATION AND COMMUNICATIONS,0.2,0.058823529411764705,0.0909090909090909,34,10,0.20908575401829294,0.30177054565264644,0.17088602051766244
sk,SCIENCE,0.0,0.0,0.0,5,45,0.20908575401829294,0.30177054565264644,0.17088602051766244
sk,BUSINESS AND COMPETITION,0.4,0.3333333333333333,0.3636363636363636,12,10,0.20908575401829294,0.30177054565264644,0.17088602051766244
sk,EMPLOYMENT AND WORKING CONDITIONS,0.21739130434782608,0.21739130434782608,0.21739130434782608,23,23,0.20908575401829294,0.30177054565264644,0.17088602051766244
sk,TRANSPORT,0.3235294117647059,0.3793103448275862,0.3492063492063492,29,34,0.20908575401829294,0.30177054565264644,0.17088602051766244
sk,ENVIRONMENT,0.0,0.0,0.0,5,29,0.20908575401829294,0.30177054565264644,0.17088602051766244
sk,"AGRICULTURE, FORESTRY AND FISHERIES",0.008928571428571428,0.1,0.01639344262295082,10,112,0.20908575401829294,0.30177054565264644,0.17088602051766244
sk,AGRI-FOODSTUFFS,0.14035087719298245,0.12121212121212122,0.13008130081300812,66,57,0.20908575401829294,0.30177054565264644,0.17088602051766244
sk,"PRODUCTION, TECHNOLOGY AND RESEARCH",0.022727272727272728,1.0,0.044444444444444446,2,88,0.20908575401829294,0.30177054565264644,0.17088602051766244
sk,ENERGY,0.0,0.0,0.0,91,14,0.20908575401829294,0.30177054565264644,0.17088602051766244
sk,INDUSTRY,0.35,0.06363636363636363,0.1076923076923077,110,20,0.20908575401829294,0.30177054565264644,0.17088602051766244
sk,GEOGRAPHY,1.0,0.06666666666666667,0.125,15,1,0.20908575401829294,0.30177054565264644,0.17088602051766244
sk,INTERNATIONAL ORGANISATIONS,0.12574850299401197,0.65625,0.21105527638190955,32,167,0.20908575401829294,0.30177054565264644,0.17088602051766244
lt,POLITICS,0.044444444444444446,0.0625,0.051948051948051945,32,45,0.16402874930118147,0.2758914606335846,0.15517825331679175
lt,INTERNATIONAL RELATIONS,0.1,0.30303030303030304,0.15037593984962405,33,100,0.16402874930118147,0.2758914606335846,0.15517825331679175
lt,EUROPEAN UNION,0.2145922746781116,0.9803921568627451,0.352112676056338,51,233,0.16402874930118147,0.2758914606335846,0.15517825331679175
lt,LAW,0.5967078189300411,0.9931506849315068,0.7455012853470435,146,243,0.16402874930118147,0.2758914606335846,0.15517825331679175
lt,ECONOMICS,0.3829787234042553,0.6923076923076923,0.4931506849315068,26,47,0.16402874930118147,0.2758914606335846,0.15517825331679175
lt,TRADE,0.16666666666666666,0.27586206896551724,0.2077922077922078,58,96,0.16402874930118147,0.2758914606335846,0.15517825331679175
lt,FINANCE,0.21621621621621623,0.07547169811320754,0.1118881118881119,106,37,0.16402874930118147,0.2758914606335846,0.15517825331679175
lt,SOCIAL QUESTIONS,0.0,0.0,0.0,29,11,0.16402874930118147,0.2758914606335846,0.15517825331679175
lt,EDUCATION AND COMMUNICATIONS,0.16666666666666666,0.058823529411764705,0.08695652173913045,17,6,0.16402874930118147,0.2758914606335846,0.15517825331679175
lt,SCIENCE,0.04,0.125,0.06060606060606061,8,25,0.16402874930118147,0.2758914606335846,0.15517825331679175
lt,BUSINESS AND COMPETITION,0.10344827586206896,0.125,0.11320754716981132,24,29,0.16402874930118147,0.2758914606335846,0.15517825331679175
lt,EMPLOYMENT AND WORKING CONDITIONS,0.0,0.0,0.0,17,9,0.16402874930118147,0.2758914606335846,0.15517825331679175
lt,TRANSPORT,0.3076923076923077,0.2,0.24242424242424246,20,13,0.16402874930118147,0.2758914606335846,0.15517825331679175
lt,ENVIRONMENT,0.04,0.16666666666666666,0.06451612903225806,6,25,0.16402874930118147,0.2758914606335846,0.15517825331679175
lt,"AGRICULTURE, FORESTRY AND FISHERIES",0.009174311926605505,0.1111111111111111,0.016949152542372885,9,109,0.16402874930118147,0.2758914606335846,0.15517825331679175
lt,AGRI-FOODSTUFFS,0.16393442622950818,0.13333333333333333,0.14705882352941174,75,61,0.16402874930118147,0.2758914606335846,0.15517825331679175
lt,"PRODUCTION, TECHNOLOGY AND RESEARCH",0.025974025974025976,0.6666666666666666,0.05,3,77,0.16402874930118147,0.2758914606335846,0.15517825331679175
lt,ENERGY,0.0,0.0,0.0,84,12,0.16402874930118147,0.2758914606335846,0.15517825331679175
lt,INDUSTRY,0.23076923076923078,0.026785714285714284,0.047999999999999994,112,13,0.16402874930118147,0.2758914606335846,0.15517825331679175
lt,GEOGRAPHY,0.5,0.047619047619047616,0.08695652173913042,21,2,0.16402874930118147,0.2758914606335846,0.15517825331679175
lt,INTERNATIONAL ORGANISATIONS,0.13533834586466165,0.75,0.22929936305732482,24,133,0.16402874930118147,0.2758914606335846,0.15517825331679175
hr,POLITICS,0.08571428571428572,0.08571428571428572,0.08571428571428572,35,35,0.12315108488026441,0.25783158640301496,0.1460764754240549
hr,INTERNATIONAL RELATIONS,0.0375,0.1,0.054545454545454536,30,80,0.12315108488026441,0.25783158640301496,0.1460764754240549
hr,EUROPEAN UNION,0.188,1.0,0.3164983164983165,47,250,0.12315108488026441,0.25783158640301496,0.1460764754240549
hr,LAW,0.5542168674698795,1.0,0.7131782945736435,138,249,0.12315108488026441,0.25783158640301496,0.1460764754240549
hr,ECONOMICS,0.2727272727272727,0.45,0.339622641509434,20,33,0.12315108488026441,0.25783158640301496,0.1460764754240549
hr,TRADE,0.2018348623853211,0.4,0.2682926829268293,55,109,0.12315108488026441,0.25783158640301496,0.1460764754240549
hr,FINANCE,0.23809523809523808,0.08928571428571429,0.12987012987012986,112,42,0.12315108488026441,0.25783158640301496,0.1460764754240549
hr,SOCIAL QUESTIONS,0.0,0.0,0.0,32,6,0.12315108488026441,0.25783158640301496,0.1460764754240549
hr,EDUCATION AND COMMUNICATIONS,0.0,0.0,0.0,33,3,0.12315108488026441,0.25783158640301496,0.1460764754240549
hr,SCIENCE,0.023809523809523808,0.16666666666666666,0.041666666666666664,6,42,0.12315108488026441,0.25783158640301496,0.1460764754240549
hr,BUSINESS AND COMPETITION,0.0967741935483871,0.23076923076923078,0.13636363636363635,13,31,0.12315108488026441,0.25783158640301496,0.1460764754240549
hr,EMPLOYMENT AND WORKING CONDITIONS,0.0,0.0,0.0,22,7,0.12315108488026441,0.25783158640301496,0.1460764754240549
hr,TRANSPORT,0.16666666666666666,0.125,0.14285714285714288,24,18,0.12315108488026441,0.25783158640301496,0.1460764754240549
hr,ENVIRONMENT,0.0,0.0,0.0,3,22,0.12315108488026441,0.25783158640301496,0.1460764754240549
hr,"AGRICULTURE, FORESTRY AND FISHERIES",0.014388489208633094,0.2222222222222222,0.02702702702702703,9,139,0.12315108488026441,0.25783158640301496,0.1460764754240549
hr,AGRI-FOODSTUFFS,0.13953488372093023,0.17142857142857143,0.15384615384615385,70,86,0.12315108488026441,0.25783158640301496,0.1460764754240549
hr,"PRODUCTION, TECHNOLOGY AND RESEARCH",0.017857142857142856,0.25,0.03333333333333333,4,56,0.12315108488026441,0.25783158640301496,0.1460764754240549
hr,ENERGY,0.0,0.0,0.0,84,11,0.12315108488026441,0.25783158640301496,0.1460764754240549
hr,INDUSTRY,0.42857142857142855,0.4090909090909091,0.4186046511627907,110,105,0.12315108488026441,0.25783158640301496,0.1460764754240549
hr,GEOGRAPHY,0.0,0.0,0.0,21,0,0.12315108488026441,0.25783158640301496,0.1460764754240549
hr,INTERNATIONAL ORGANISATIONS,0.12048192771084337,0.7142857142857143,0.20618556701030924,28,166,0.12315108488026441,0.25783158640301496,0.1460764754240549
sl,POLITICS,0.0,0.0,0.0,35,31,0.12000861955007343,0.23756207265403448,0.12772225097385848
sl,INTERNATIONAL RELATIONS,0.07079646017699115,0.27586206896551724,0.11267605633802817,29,113,0.12000861955007343,0.23756207265403448,0.12772225097385848
sl,EUROPEAN UNION,0.20883534136546184,1.0,0.34551495016611294,52,249,0.12000861955007343,0.23756207265403448,0.12772225097385848
sl,LAW,0.4979919678714859,1.0,0.6648793565683646,124,249,0.12000861955007343,0.23756207265403448,0.12772225097385848
sl,ECONOMICS,0.2413793103448276,0.5833333333333334,0.34146341463414637,24,58,0.12000861955007343,0.23756207265403448,0.12772225097385848
sl,TRADE,0.14432989690721648,0.2413793103448276,0.18064516129032257,58,97,0.12000861955007343,0.23756207265403448,0.12772225097385848
sl,FINANCE,0.17073170731707318,0.07368421052631578,0.10294117647058824,95,41,0.12000861955007343,0.23756207265403448,0.12772225097385848
sl,SOCIAL QUESTIONS,0.045454545454545456,0.03125,0.037037037037037035,32,22,0.12000861955007343,0.23756207265403448,0.12772225097385848
sl,EDUCATION AND COMMUNICATIONS,0.15384615384615385,0.07407407407407407,0.1,27,13,0.12000861955007343,0.23756207265403448,0.12772225097385848
sl,SCIENCE,0.0,0.0,0.0,9,30,0.12000861955007343,0.23756207265403448,0.12772225097385848
sl,BUSINESS AND COMPETITION,0.1282051282051282,0.22727272727272727,0.16393442622950816,22,39,0.12000861955007343,0.23756207265403448,0.12772225097385848
sl,EMPLOYMENT AND WORKING CONDITIONS,0.2,0.05,0.08000000000000002,40,10,0.12000861955007343,0.23756207265403448,0.12772225097385848
sl,TRANSPORT,0.11764705882352941,0.08,0.09523809523809526,25,17,0.12000861955007343,0.23756207265403448,0.12772225097385848
sl,ENVIRONMENT,0.0,0.0,0.0,8,33,0.12000861955007343,0.23756207265403448,0.12772225097385848
sl,"AGRICULTURE, FORESTRY AND FISHERIES",0.009900990099009901,0.1,0.018018018018018018,10,101,0.12000861955007343,0.23756207265403448,0.12772225097385848
sl,AGRI-FOODSTUFFS,0.18072289156626506,0.1744186046511628,0.17751479289940827,86,83,0.12000861955007343,0.23756207265403448,0.12772225097385848
sl,"PRODUCTION, TECHNOLOGY AND RESEARCH",0.016129032258064516,0.3333333333333333,0.03076923076923077,3,62,0.12000861955007343,0.23756207265403448,0.12772225097385848
sl,ENERGY,0.0,0.0,0.0,84,12,0.12000861955007343,0.23756207265403448,0.12772225097385848
sl,INDUSTRY,0.25,0.04854368932038835,0.08130081300813008,103,20,0.12000861955007343,0.23756207265403448,0.12772225097385848
sl,GEOGRAPHY,0.0,0.0,0.0,23,2,0.12000861955007343,0.23756207265403448,0.12772225097385848
sl,INTERNATIONAL ORGANISATIONS,0.08421052631578947,0.6956521739130435,0.15023474178403753,23,190,0.12000861955007343,0.23756207265403448,0.12772225097385848
et,POLITICS,0.07692307692307693,0.11627906976744186,0.09259259259259259,43,65,0.14346724316621443,0.31372010145433904,0.15640564819190125
et,INTERNATIONAL RELATIONS,0.10434782608695652,0.3,0.15483870967741933,40,115,0.14346724316621443,0.31372010145433904,0.15640564819190125
et,EUROPEAN UNION,0.192,1.0,0.32214765100671144,48,250,0.14346724316621443,0.31372010145433904,0.15640564819190125
et,LAW,0.5690376569037657,1.0,0.7253333333333333,136,239,0.14346724316621443,0.31372010145433904,0.15640564819190125
et,ECONOMICS,0.15384615384615385,0.7777777777777778,0.25688073394495414,18,91,0.14346724316621443,0.31372010145433904,0.15640564819190125
et,TRADE,0.1553398058252427,0.26666666666666666,0.19631901840490795,60,103,0.14346724316621443,0.31372010145433904,0.15640564819190125
et,FINANCE,0.1282051282051282,0.05434782608695652,0.07633587786259542,92,39,0.14346724316621443,0.31372010145433904,0.15640564819190125
et,SOCIAL QUESTIONS,0.05555555555555555,0.027777777777777776,0.037037037037037035,36,18,0.14346724316621443,0.31372010145433904,0.15640564819190125
et,EDUCATION AND COMMUNICATIONS,0.0,0.0,0.0,29,20,0.14346724316621443,0.31372010145433904,0.15640564819190125
et,SCIENCE,0.020833333333333332,0.1,0.034482758620689655,10,48,0.14346724316621443,0.31372010145433904,0.15640564819190125
et,BUSINESS AND COMPETITION,0.16666666666666666,0.2222222222222222,0.1904761904761905,18,24,0.14346724316621443,0.31372010145433904,0.15640564819190125
et,EMPLOYMENT AND WORKING CONDITIONS,0.14634146341463414,0.1875,0.16438356164383558,32,41,0.14346724316621443,0.31372010145433904,0.15640564819190125
et,TRANSPORT,0.12903225806451613,0.12903225806451613,0.12903225806451613,31,31,0.14346724316621443,0.31372010145433904,0.15640564819190125
et,ENVIRONMENT,0.025,0.2,0.04444444444444445,5,40,0.14346724316621443,0.31372010145433904,0.15640564819190125
et,"AGRICULTURE, FORESTRY AND FISHERIES",0.028037383177570093,0.25,0.05042016806722689,12,107,0.14346724316621443,0.31372010145433904,0.15640564819190125
et,AGRI-FOODSTUFFS,0.14035087719298245,0.11764705882352941,0.12799999999999997,68,57,0.14346724316621443,0.31372010145433904,0.15640564819190125
et,"PRODUCTION, TECHNOLOGY AND RESEARCH",0.05128205128205128,1.0,0.09756097560975609,2,39,0.14346724316621443,0.31372010145433904,0.15640564819190125
et,ENERGY,0.0,0.0,0.0,73,18,0.14346724316621443,0.31372010145433904,0.15640564819190125
et,INDUSTRY,0.42857142857142855,0.21818181818181817,0.2891566265060241,110,56,0.14346724316621443,0.31372010145433904,0.15640564819190125
et,GEOGRAPHY,0.3333333333333333,0.06896551724137931,0.1142857142857143,29,6,0.14346724316621443,0.31372010145433904,0.15640564819190125
et,INTERNATIONAL ORGANISATIONS,0.10810810810810811,0.5517241379310345,0.18079096045197743,29,148,0.14346724316621443,0.31372010145433904,0.15640564819190125
lv,POLITICS,0.06521739130434782,0.08108108108108109,0.07228915662650602,37,46,0.13852718109987167,0.27332731152776996,0.14733261851799706
lv,INTERNATIONAL RELATIONS,0.10588235294117647,0.2727272727272727,0.15254237288135591,33,85,0.13852718109987167,0.27332731152776996,0.14733261851799706
lv,EUROPEAN UNION,0.1774193548387097,1.0,0.3013698630136986,44,248,0.13852718109987167,0.27332731152776996,0.14733261851799706
lv,LAW,0.5854700854700855,0.958041958041958,0.7267904509283819,143,234,0.13852718109987167,0.27332731152776996,0.14733261851799706
lv,ECONOMICS,0.3409090909090909,0.6818181818181818,0.45454545454545453,22,44,0.13852718109987167,0.27332731152776996,0.14733261851799706
lv,TRADE,0.13709677419354838,0.3333333333333333,0.19428571428571428,51,124,0.13852718109987167,0.27332731152776996,0.14733261851799706
lv,FINANCE,0.11538461538461539,0.03296703296703297,0.05128205128205128,91,26,0.13852718109987167,0.27332731152776996,0.14733261851799706
lv,SOCIAL QUESTIONS,0.25,0.075,0.11538461538461538,40,12,0.13852718109987167,0.27332731152776996,0.14733261851799706
lv,EDUCATION AND COMMUNICATIONS,0.15384615384615385,0.058823529411764705,0.0851063829787234,34,13,0.13852718109987167,0.27332731152776996,0.14733261851799706
lv,SCIENCE,0.03225806451612903,0.16666666666666666,0.05405405405405405,6,31,0.13852718109987167,0.27332731152776996,0.14733261851799706
lv,BUSINESS AND COMPETITION,0.05263157894736842,0.10526315789473684,0.07017543859649122,19,38,0.13852718109987167,0.27332731152776996,0.14733261851799706
lv,EMPLOYMENT AND WORKING CONDITIONS,0.08695652173913043,0.06451612903225806,0.07407407407407407,31,23,0.13852718109987167,0.27332731152776996,0.14733261851799706
lv,TRANSPORT,0.19047619047619047,0.14814814814814814,0.16666666666666666,27,21,0.13852718109987167,0.27332731152776996,0.14733261851799706
lv,ENVIRONMENT,0.027777777777777776,0.16666666666666666,0.04761904761904762,6,36,0.13852718109987167,0.27332731152776996,0.14733261851799706
lv,"AGRICULTURE, FORESTRY AND FISHERIES",0.016260162601626018,0.16666666666666666,0.02962962962962963,12,123,0.13852718109987167,0.27332731152776996,0.14733261851799706
lv,AGRI-FOODSTUFFS,0.08641975308641975,0.1111111111111111,0.09722222222222222,63,81,0.13852718109987167,0.27332731152776996,0.14733261851799706
lv,"PRODUCTION, TECHNOLOGY AND RESEARCH",0.030303030303030304,0.6666666666666666,0.057971014492753624,3,66,0.13852718109987167,0.27332731152776996,0.14733261851799706
lv,ENERGY,0.0,0.0,0.0,83,16,0.13852718109987167,0.27332731152776996,0.14733261851799706
lv,INDUSTRY,0.32142857142857145,0.07894736842105263,0.12676056338028172,114,28,0.13852718109987167,0.27332731152776996,0.14733261851799706
lv,GEOGRAPHY,0.0,0.0,0.0,15,3,0.13852718109987167,0.27332731152776996,0.14733261851799706
lv,INTERNATIONAL ORGANISATIONS,0.13333333333333333,0.5714285714285714,0.21621621621621623,35,150,0.13852718109987167,0.27332731152776996,0.14733261851799706
mt,POLITICS,0.023255813953488372,0.02702702702702703,0.025,37,43,0.15065059904679845,0.32072331618625477,0.15244281311175653
mt,INTERNATIONAL RELATIONS,0.06666666666666667,0.08823529411764706,0.0759493670886076,34,45,0.15065059904679845,0.32072331618625477,0.15244281311175653
mt,EUROPEAN UNION,0.14859437751004015,1.0,0.2587412587412587,37,249,0.15065059904679845,0.32072331618625477,0.15244281311175653
mt,LAW,0.5654008438818565,0.9571428571428572,0.7108753315649868,140,237,0.15065059904679845,0.32072331618625477,0.15244281311175653
mt,ECONOMICS,0.2631578947368421,0.9375,0.4109589041095891,16,57,0.15065059904679845,0.32072331618625477,0.15244281311175653
mt,TRADE,0.17272727272727273,0.3584905660377358,0.2331288343558282,53,110,0.15065059904679845,0.32072331618625477,0.15244281311175653
mt,FINANCE,0.19444444444444445,0.07216494845360824,0.10526315789473684,97,36,0.15065059904679845,0.32072331618625477,0.15244281311175653
mt,SOCIAL QUESTIONS,0.18181818181818182,0.05714285714285714,0.08695652173913043,35,11,0.15065059904679845,0.32072331618625477,0.15244281311175653
mt,EDUCATION AND COMMUNICATIONS,0.25,0.058823529411764705,0.09523809523809523,34,8,0.15065059904679845,0.32072331618625477,0.15244281311175653
mt,SCIENCE,0.0,0.0,0.0,5,6,0.15065059904679845,0.32072331618625477,0.15244281311175653
mt,BUSINESS AND COMPETITION,0.044444444444444446,0.16666666666666666,0.07017543859649122,12,45,0.15065059904679845,0.32072331618625477,0.15244281311175653
mt,EMPLOYMENT AND WORKING CONDITIONS,0.15789473684210525,0.13043478260869565,0.14285714285714288,23,19,0.15065059904679845,0.32072331618625477,0.15244281311175653
mt,TRANSPORT,0.4090909090909091,0.3103448275862069,0.35294117647058826,29,22,0.15065059904679845,0.32072331618625477,0.15244281311175653
mt,ENVIRONMENT,0.043478260869565216,0.4,0.0784313725490196,5,46,0.15065059904679845,0.32072331618625477,0.15244281311175653
mt,"AGRICULTURE, FORESTRY AND FISHERIES",0.017241379310344827,0.2,0.031746031746031744,10,116,0.15065059904679845,0.32072331618625477,0.15244281311175653
mt,AGRI-FOODSTUFFS,0.13274336283185842,0.22727272727272727,0.1675977653631285,66,113,0.15065059904679845,0.32072331618625477,0.15244281311175653
mt,"PRODUCTION, TECHNOLOGY AND RESEARCH",0.019230769230769232,1.0,0.03773584905660378,2,104,0.15065059904679845,0.32072331618625477,0.15244281311175653
mt,ENERGY,0.047619047619047616,0.01098901098901099,0.01785714285714286,91,21,0.15065059904679845,0.32072331618625477,0.15244281311175653
mt,INDUSTRY,0.29411764705882354,0.045454545454545456,0.07874015748031496,110,17,0.15065059904679845,0.32072331618625477,0.15244281311175653
mt,GEOGRAPHY,0.0,0.0,0.0,15,1,0.15065059904679845,0.32072331618625477,0.15244281311175653
mt,INTERNATIONAL ORGANISATIONS,0.1317365269461078,0.6875,0.22110552763819097,32,167,0.15065059904679845,0.32072331618625477,0.15244281311175653
